description,name,industry,headquarters,phoneNumber,contact,ein,401kPlan
,Walmart,Discount Stores,"508 SW 8TH STREET, BENTONVILLE, AR, 72716-3500",800-421-1362,HoganTaylor LLP Preparer,71-0415188,"{""name"":""Walmart 401(k) Plan"",""provider"":"""",""websiteURL"":""https://www.benefits.ml.com/login/login"",""phoneNumber"":""1-866-820-1492"",""faxNumber"":""866-994-7807"",""hoursOfOperation"":""Monday - Friday: 9am - 9pm EST, No weekend hours"",""address"":""P.O. Box 29002, Hot Springs, AR, 71903-9002""}"
,The Home Depot,Home Improvement,"2455 PACES FERRY ROAD, NW, STE C-18, ATLANTA, GA, 30339-4024",770-384-5328,DON BUBEN,95-3261426,"{""name"":""The Home Depot Futurebuilder"",""provider"":"""",""websiteURL"":""https://www.alight.com/find-your-hr-website"",""phoneNumber"":""Each plan has a company-specific phone number found through the Alight 401(k) login link"",""faxNumber"":""Each plan has a company-specific fax number found through the Alight 401(k) login link"",""hoursOfOperation"":""Monday - Friday: 8am - 10pm EST""}"
,HCA,Healthcare,"ONE PARK PLAZA, P.O. BOX 550, NASHVILLE, TN, 37202-0550",615--34-4-8777,SHERRI HENRY,75-2497104,"{""name"":""HCA 401(k) Plan"",""provider"":"""",""websiteURL"":""https://rch1.com/contact-us"",""phoneNumber"":""1-888-472-7678"",""faxNumber"":""704-353-9841"",""hoursOfOperation"":""Monday - Friday: 8am - 7pm EST"",""address"":""1916 Arysley Town Blvd, Suite 200, Charlotte, NC, 28273""}"
,Wells Fargo,Banking,"550 S. 4TH STREET, MINNEAPOLIS, MN, 55415",877-479-3557,MARK HICKMAN,41-0449260,"{""name"":""WELLS FARGO & COMPANY 401(K) PLAN"",""provider"":"""",""websiteURL"":""https://benefitconnect.wf.ehr.com/ESS/Shared/Account/LogOn?ReturnUrl=%2fESS"",""phoneNumber"":""1-877-479-3557"",""faxNumber"":""1-844-879-0200"",""hoursOfOperation"":""Monday - Friday: 8am - 8pm EST"",""address"":""1525 West W. T. Harris Blvd., Charlotte, NC, 28262""}"
,Amazon,Internet Retail,"440 TERRY AVENUE NORTH, SEATTLE, WA, 98109",206-266-1000,SCOTT SANDER,91-1986545,"{""name"":""AMAZON. COM 401(K) PLAN"",""provider"":"""",""websiteURL"":""https://retirementplans.vanguard.com/VGApp/pe/PublicHome"",""phoneNumber"":""1-800-523-1188"",""faxNumber"":""484-582-2929"",""hoursOfOperation"":""Monday - Friday: 8:30am - 9pm EST, No weekend hours""}"
,Target,Discount Stores,"7000 TARGET PARKWAY, BROOKLYN PARK, MN, 55445",612-307-5037,MATTHEW LIEGEL,41-0215170,"{""name"":""TARGET CORPORATION 401(K) PLAN"",""provider"":"""",""websiteURL"":""https://www.alight.com/find-your-hr-website"",""phoneNumber"":""Each plan has a company-specific phone number found through the Alight 401(k) login link"",""faxNumber"":""Each plan has a company-specific fax number found through the Alight 401(k) login link"",""hoursOfOperation"":""Monday - Friday: 8am - 10pm EST""}"
,Lowes,Home Improvement,"1000 LOWES BLVD, MOORESVILLE, NC, 28117",704-758-1000,DAVID R. GREEN,56-0578072,"{""name"":""LOWES 401(K) PLAN"",""provider"":"""",""websiteURL"":""https://login.principal.com/login"",""phoneNumber"":""800-547-7754"",""faxNumber"":""866-704-3481"",""hoursOfOperation"":""Monday - Friday: 8am - 10pm EST, No weekend hours"",""address"":""PO Box 9394, Des Moines, IA, 50306-9394""}"
,JPMorgan Chase,Banking,"545 WASHINGTON BLVD, 12TH FLOOR, MAIL CODE NY1-G120, JERSEY CITY, NJ, 07310",877-576-2427,BERNADETTE J BRANOSKY,13-4994650,"{""name"":""JPMORGAN CHASE 401(K) SAVINGS PLAN"",""provider"":"""",""websiteURL"":""https://participant.empower-retirement.com/participant/#/register/"",""phoneNumber"":""855-756-4738"",""faxNumber"":""303-737-3414"",""hoursOfOperation"":""Monday - Friday: 9am - 8pm EST, Saturday: 9am - 5:30pm ET for eligible plans only"",""address"":""8515 E. Orchard Road, Greenwood Village, CO, 80111""}"
,Starbucks,Restaurants,"2401 UTAH AVENUE SO., SUITE 800, SEATTLE, WA, 98134",206-318-4288,LISA COUTTS,91-1325671,"{""name"":""STARBUCKS CORPORATION 401(K) PLAN"",""provider"":"""",""websiteURL"":""https://nb.fidelity.com/public/nb/default/home"",""phoneNumber"":""800-835-5095"",""faxNumber"":""1-877-330-2476"",""hoursOfOperation"":""Monday - Friday: 8:30am - 12am EST, No weekend hours"",""address"":""PO Box 770002, Cincinatti, OH, 45277-0090""}"
,AT&T,Telecom Services,"P.O. BOX 132160, DALLAS, TX, 75313-2160",210-351-3333,PAUL W. STEPHENS,43-1301883,"{""name"":""AT&T RETIREMENT SAVINGS PLAN"",""provider"":"""",""websiteURL"":""https://nb.fidelity.com/public/nb/default/home"",""phoneNumber"":""800-835-5095"",""faxNumber"":""1-877-330-2476"",""hoursOfOperation"":""Monday - Friday: 8:30am - 12am EST, No weekend hours"",""address"":""PO Box 770002, Cincinatti, OH, 45277-0090""}"
,Walgreens,Telecom Services,"102 WILMOT ROAD, DEERFIELD, IL, 60015",800-825-5467,CHRIS DYSINGER,36-1924025,"{""name"":""WALGREEN PROFIT-SHARING RETIREMENT PLAN"",""provider"":"""",""websiteURL"":""https://nb.fidelity.com/public/nb/default/home"",""phoneNumber"":""800-835-5095"",""faxNumber"":""1-877-330-2476"",""hoursOfOperation"":""Monday - Friday: 8:30am - 12am EST, No weekend hours"",""address"":""PO Box 770002, Cincinatti, OH, 45277-0090""}"
,FedEx,Integrated Freight & Logistics,"3630 HACKS CROSS ROAD, MEMPHIS, TN, 38125",901-434-7013,JEFFREY MIZE,62-1721435,"{""name"":""FEDEX CORPORATION RETIREMENT SAVINGS PLAN"",""provider"":"""",""websiteURL"":""https://retirementplans.vanguard.com/VGApp/pe/PublicHome"",""phoneNumber"":""1-800-523-1188"",""faxNumber"":""484-582-2929"",""hoursOfOperation"":""Monday - Friday: 8:30am - 9pm EST, No weekend hours""}"
,Bank of America,Banking,"3400 PAWTUCKET AVE., RIVERSIDE, RI, 02915-5298",800-556-6044,SUSAN E. KELLY,56-0906609,"{""name"":""THE BANK OF AMERICA 401(K) PLAN"",""provider"":"""",""websiteURL"":""https://www.benefits.ml.com/login/login"",""phoneNumber"":""1-866-820-1492"",""faxNumber"":""866-994-7807"",""hoursOfOperation"":""Monday - Friday: 9am - 9pm EST, No weekend hours"",""address"":""P.O. Box 29002, Hot Springs, AR, 71903-9002""}"
,General Electric,Special Industrial Machinery,"PO BOX 5000, SCHENECTADY, NY, 12301-5000",800-432-3450,MICHAEL MILLOTT,14-0689340,"{""name"":""GE RETIREMENT SAVINGS PLAN"",""provider"":"""",""websiteURL"":""https://nb.fidelity.com/public/nb/default/home"",""phoneNumber"":""800-835-5095"",""faxNumber"":""1-877-330-2476"",""hoursOfOperation"":""Monday - Friday: 8:30am - 12am EST, No weekend hours"",""address"":""PO Box 770002, Cincinatti, OH, 45277-0090""}"
,Kroger,Grocery Stores,"1014 VINE ST, CINCINNATI, OH, 45202-1141",513-762-4131,THERESA MONTI,31-0345740,"{""name"":""THE KROGER CO. SAVINGS PLAN"",""provider"":"""",""websiteURL"":""https://www.benefits.ml.com/login/login"",""phoneNumber"":""1-866-820-1492"",""faxNumber"":""866-994-7807"",""hoursOfOperation"":""Monday - Friday: 9am - 9pm EST, No weekend hours"",""address"":""P.O. Box 29002, Hot Springs, AR, 71903-9002""}"
,Compass Group Usa,,"2400 YORKMONT ROAD, CHARLOTTE, NC, 28217",704-328-4082,FRANK SAMRA,56-1874931,"{""name"":""COMPASS GROUP RETIREMENT PLAN"",""provider"":"""",""websiteURL"":""https://nb.fidelity.com/public/nb/default/home"",""phoneNumber"":""800-835-5095"",""faxNumber"":""1-877-330-2476"",""hoursOfOperation"":""Monday - Friday: 8:30am - 12am EST, No weekend hours"",""address"":""PO Box 770002, Cincinatti, OH, 45277-0090""}"
,Albertsons,Grocery Stores,"250 E. PARKCENTER BLVD., BOISE, ID, 83706",925-226-5000,BRIAN DOOLEY,47-5579477,"{""name"":""ALBERTSONS COMPANIES 401(K) PLAN"",""provider"":"""",""websiteURL"":""https://nb.fidelity.com/public/nb/default/home"",""phoneNumber"":""800-835-5095"",""faxNumber"":""1-877-330-2476"",""hoursOfOperation"":""Monday - Friday: 8:30am - 12am EST, No weekend hours"",""address"":""PO Box 770002, Cincinatti, OH, 45277-0090""}"
,Boeing,Aerospace & Defense,"100 N. Riverside Plaza Chicago, IL 60606-1596",866-473-2016,Ingrid Williams,91-0425694,"{""name"":""The Boeing Company Voluntary Investment Plan"",""provider"":"""",""websiteURL"":""https://nb.fidelity.com/public/nb/default/home"",""phoneNumber"":""800-835-5095"",""faxNumber"":""1-877-330-2476"",""hoursOfOperation"":""Monday - Friday: 8:30am - 12am EST, No weekend hours"",""address"":""PO Box 770002, Cincinatti, OH, 45277-0090""}"
,United Health,Healthcare,"9900 BREN ROAD EAST, MINNETONKA, MN, 55343",952-936-1300,MARC SAVASTA,41-1321939,"{""name"":""UNITEDHEALTH GROUP 401(K) SAVINGS PLAN"",""provider"":"""",""websiteURL"":""https://nb.fidelity.com/public/nb/default/home"",""phoneNumber"":""800-835-5095"",""faxNumber"":""1-877-330-2476"",""hoursOfOperation"":""Monday - Friday: 8:30am - 12am EST, No weekend hours"",""address"":""PO Box 770002, Cincinatti, OH, 45277-0090""}"
,CVS Health,Healthcare,,,CANDACE JODICE,50-494040,"{""name"":""CVS HEALTH FUTURE FUND 401(K) PLAN"",""provider"":"""",""websiteURL"":""https://retirementplans.vanguard.com/VGApp/pe/PublicHome"",""phoneNumber"":""1-800-523-1188"",""faxNumber"":""484-582-2929"",""hoursOfOperation"":""Monday - Friday: 8:30am - 9pm EST, No weekend hours""}"
,Trinet,Staffing & Employment Services,"9000 TOWN CENTER PARKWAY, BRADENTON, FL, 34202",800-243-8489,SAMANTHA WELLINGTON,48-1304650,"{""name"":""TRINET 401K PLAN"",""provider"":"""",""websiteURL"":""https://www.transamerica.com/portal/home/"",""phoneNumber"":""800-755-5801"",""faxNumber"":""833-200-9987"",""hoursOfOperation"":""Monday - Friday: 8am - 9pm EST, No weekend hours"",""address"":""4333 Edgewood Road NE, Cedar Rapids, IA""}"
,Costco,Discount Stores,"999 LAKE DR, ISSAQUAH, WA, 98027-8990",425-313-8100,JOE MOORE,91-1223280,"{""name"":""COSTCO 401K RETIREMENT PLAN"",""provider"":"""",""websiteURL"":""https://www.troweprice.com/usis/login/enablement?pdurl=/rws/account/participant/home/overview.otc"",""phoneNumber"":""1-800-922-9945"",""faxNumber"":""410-581-5176"",""hoursOfOperation"":""Monday - Friday: 7am - 10pm EST, Automated voice response system available 24/7"",""address"":""P.O. Box 17215, Baltimore, MD, 21297""}"
,Publix Super Markets,Grocery Stores,"3300 PUBLIX CORPORATE PARKWAY, LAKELAND, FL, 33811",863-688-1188,LINDA KANE,59-0324412,"{""name"":""PUBLIX SUPER MARKETS, INC. 401(K) SMART PLAN"",""provider"":"""",""websiteURL"":""https://my.voya.com/voyassoui/index.html?target=https%3A%2F%2Fmy.voya.com%2Fmyvoya%2Flogon#/login"",""phoneNumber"":""1-877-269-8758"",""faxNumber"":""800-643-8143"",""hoursOfOperation"":""Monday - Friday: 8am - 8pm EST"",""address"":""P.O. Box 990063, Hartford, CT, 06199""}"
,IBM,Information Technology Services,"NEW ORCHARD ROAD, ARMONK, NY, 10504",800-796-9876,ALISON YARA,13-0871985,"{""name"":""IBM 401 (K) PLUS PLAN"",""provider"":"""",""websiteURL"":""https://nb.fidelity.com/public/nb/default/home"",""phoneNumber"":""800-835-5095"",""faxNumber"":""1-877-330-2476"",""hoursOfOperation"":""Monday - Friday: 8:30am - 12am EST, No weekend hours"",""address"":""PO Box 770002, Cincinatti, OH, 45277-0090""}"
,Macys,Department Stores,"145 PROGRESS PLACE, SPRINGDALE, OH, 45246",513-579-7000,MATTHEW S. SCHROEDER,13-3324058,"{""name"":""MACYS INC 401(K) RETIREMENT INVESTMENT PLAN"",""provider"":"""",""websiteURL"":""https://www.benefits.ml.com/login/login"",""phoneNumber"":""1-866-820-1492"",""faxNumber"":""866-994-7807"",""hoursOfOperation"":""Monday - Friday: 9am - 9pm EST, No weekend hours"",""address"":""P.O. Box 29002, Hot Springs, AR, 71903-9002""}"
,Darden Restaurants,Restaurants,"1000 DARDEN CENTER DRIVE, ORLANDO, FL, 32837",407-245-4000,THAMARA MAHAFFEY,59-3305930,"{""name"":""DARDEN SAVINGS PLAN"",""provider"":"""",""websiteURL"":""https://login.principal.com/login"",""phoneNumber"":""800-547-7754"",""faxNumber"":""866-704-3481"",""hoursOfOperation"":""Monday - Friday: 8am - 10pm EST, No weekend hours"",""address"":""PO Box 9394, Des Moines, IA, 50306-9394""}"
,Tenet Healthcare,Healthcare,"14201 DALLAS PARKWAY, DALLAS, TX, 75254",469-893-6538,KELLY POOL,95-2557091,"{""name"":""TENET HEALTHCARE CORPORATION 401(K) RETIREMENT SAVINGS PLAN"",""provider"":"""",""websiteURL"":""https://nb.fidelity.com/public/nb/default/home"",""phoneNumber"":""800-835-5095"",""faxNumber"":""1-877-330-2476"",""hoursOfOperation"":""Monday - Friday: 8:30am - 12am EST, No weekend hours"",""address"":""PO Box 770002, Cincinatti, OH, 45277-0090""}"
,Verizon,Telecom Services,"ONE VERIZON WAY, BASKING RIDGE, NJ, 07920",908-559-3342,KEVIN CAMMARATA,23-2259884,"{""name"":""VERIZON SAVINGS PLAN FOR MANAGEMENT EMPLOYEES"",""provider"":"""",""websiteURL"":""https://nb.fidelity.com/public/nb/default/home"",""phoneNumber"":""800-835-5095"",""faxNumber"":""1-877-330-2476"",""hoursOfOperation"":""Monday - Friday: 8:30am - 12am EST, No weekend hours"",""address"":""PO Box 770002, Cincinatti, OH, 45277-0090""}"
,Marriott International,Lodging,"7750 WISCONSIN AVENUE, BETHESDA, MD, 20814",888-884-6947,TRACEY BALLOW,52-2055918,"{""name"":""MARRIOTT RETIREMENT SAVINGS PLAN"",""provider"":"""",""websiteURL"":""https://www.alight.com/find-your-hr-website"",""phoneNumber"":""Each plan has a company-specific phone number found through the Alight 401(k) login link"",""faxNumber"":""Each plan has a company-specific fax number found through the Alight 401(k) login link"",""hoursOfOperation"":""Monday - Friday: 8am - 10pm EST""}"
,Pepsico,Beverages - Non-Alcoholic,"700 ANDERSON HILL ROAD, PURCHASE, NY, 10577-1444",914-253-2000,MEGAN BRODERICK,13-1584302,"{""name"":""THE PEPSICO SAVINGS PLAN"",""provider"":"""",""websiteURL"":""https://nb.fidelity.com/public/nb/default/home"",""phoneNumber"":""800-835-5095"",""faxNumber"":""1-877-330-2476"",""hoursOfOperation"":""Monday - Friday: 8:30am - 12am EST, No weekend hours"",""address"":""PO Box 770002, Cincinatti, OH, 45277-0090""}"
,Teamsters,,"401 LIBERTY AVE., SUITE 1200, PITTSBURGH, PA, 15222-1004",412-471-2885,FRED ZUCKERMAN,52-1967784,"{""name"":""TEAMSTERS-NATIONAL 401K SAVINGS PLAN"",""provider"":"""",""websiteURL"":""https://www.prudential.com/login/"",""phoneNumber"":""1-800-621-1089"",""faxNumber"":""866-439-8602"",""hoursOfOperation"":""Monday - Friday: 8am - 6pm EST, Automated voice response system available 24/7"",""address"":""30 Scranton Office Park, Scranton, PA, 18507""}"
,Dollar General,Discount Stores,"100 MISSION RIDGE, GOODLETTSVILLE, TN, 37070",615-855-4000,BARBARA SPRINGER,61-0502302,"{""name"":""DOLLAR GENERAL CORP 401(K) SAVINGS AND RETIREMENT PLAN"",""provider"":"""",""websiteURL"":""https://my.voya.com/voyassoui/index.html?target=https%3A%2F%2Fmy.voya.com%2Fmyvoya%2Flogon#/login"",""phoneNumber"":""1-877-269-8758"",""faxNumber"":""800-643-8143"",""hoursOfOperation"":""Monday - Friday: 8am - 8pm EST"",""address"":""P.O. Box 990063, Hartford, CT, 06199""}"
,Kaiser Foundation,,"ONE KAISER PLAZA, 20B, OAKLAND, CA, 94612",510-271-5940,MARYANN KHINDA-LOMBARDO,94-1340523,"{""name"":""KAISER PERMANENTE 401(K) RETIREMENT PLAN"",""provider"":"""",""websiteURL"":""https://retirementplans.vanguard.com/VGApp/pe/PublicHome"",""phoneNumber"":""1-800-523-1188"",""faxNumber"":""484-582-2929"",""hoursOfOperation"":""Monday - Friday: 8:30am - 9pm EST, No weekend hours""}"
,Sodexo,Specialty Business Services,"9801 WASHINGTONIAN BOULEVARD, GAITHERSBURG, MD, 20878",301-987-4480,PATRICK CARSON,52-0936594,"{""name"":""SODEXO 401 (K) EMPLOYEES RETIREMENT SAVINGS PLAN AND TRUST"",""provider"":"""",""websiteURL"":""https://my.voya.com/voyassoui/index.html?target=https%3A%2F%2Fmy.voya.com%2Fmyvoya%2Flogon#/login"",""phoneNumber"":""1-877-269-8758"",""faxNumber"":""800-643-8143"",""hoursOfOperation"":""Monday - Friday: 8am - 8pm EST"",""address"":""P.O. Box 990063, Hartford, CT, 06199""}"
,UPS,Integrated Freight & Logistics,"55 GLENLAKE PARKWAY NE, ATLANTA, GA, 30328",404-828-8661,B.J. DORFMAN,95-1732075,"{""name"":""UPS 401 (K) SAVINGS PLAN"",""provider"":"""",""websiteURL"":""https://www.prudential.com/login/"",""phoneNumber"":""1-800-621-1089"",""faxNumber"":""866-439-8602"",""hoursOfOperation"":""Monday - Friday: 8am - 6pm EST, Automated voice response system available 24/7"",""address"":""30 Scranton Office Park, Scranton, PA, 18507""}"
,Best Buy,Specialty Retail,"7601 PENN AVENUE SOUTH, RICHFIELD, MN, 55423-3645",612-291-1000,CHARLIE MONTREUIL,41-0907483,"{""name"":""BEST BUY RETIREMENT SAVINGS PLAN"",""provider"":"""",""websiteURL"":""https://www.alight.com/find-your-hr-website"",""phoneNumber"":""Each plan has a company-specific phone number found through the Alight 401(k) login link"",""faxNumber"":""Each plan has a company-specific fax number found through the Alight 401(k) login link"",""hoursOfOperation"":""Monday - Friday: 8am - 10pm EST""}"
,Comcast,Telecom Services,"1701 JFK BOULEVARD, PHILADELPHIA, PA, 19103",215-286-1700,JOSEPH PITRA,27-0000798,"{""name"":""COMCAST CORPORATION RETIREMENT-INVESTMENT PLAN"",""provider"":"""",""websiteURL"":""https://nb.fidelity.com/public/nb/default/home"",""phoneNumber"":""800-835-5095"",""faxNumber"":""1-877-330-2476"",""hoursOfOperation"":""Monday - Friday: 8:30am - 12am EST, No weekend hours"",""address"":""PO Box 770002, Cincinatti, OH, 45277-0090""}"
,Northrop Grumman,Aerospace & Defense,"2980 FAIRVIEW PARK DR, FALLS CHURCH, VA, 22042",800-894-4194,JEFF SCHMIDT,80-0640649,"{""name"":""NORTHROP GRUMMAN SAVINGS PLAN"",""provider"":"""",""websiteURL"":""https://nb.fidelity.com/public/nb/default/home"",""phoneNumber"":""800-835-5095"",""faxNumber"":""1-877-330-2476"",""hoursOfOperation"":""Monday - Friday: 8:30am - 12am EST, No weekend hours"",""address"":""PO Box 770002, Cincinatti, OH, 45277-0090""}"
,Universal Services Of America,,"1551 N. TUSTIN AVENUE, SUITE 650, SANTA ANA, CA, 92705",484-351-1818,DREW VOLLERO,27-1562945,"{""name"":""ALLIED UNIVERSAL 401(K) PLAN"",""provider"":"""",""websiteURL"":""https://participant.empower-retirement.com/participant/#/register/"",""phoneNumber"":""855-756-4738"",""faxNumber"":""303-737-3414"",""hoursOfOperation"":""Monday - Friday: 9am - 8pm EST, Saturday: 9am - 5:30pm ET for eligible plans only"",""address"":""8515 E. Orchard Road, Greenwood Village, CO, 80111""}"
,Apple,Consumer Electronics,"ONE APPLE PARK WAY, CUPERTINO, CA, 95014",408-974-3833,GRACE MUNSON,94-2404110,"{""name"":""APPLE 401(K) PLAN"",""provider"":"""",""websiteURL"":""https://participant.empower-retirement.com/participant/#/register/"",""phoneNumber"":""855-756-4738"",""faxNumber"":""303-737-3414"",""hoursOfOperation"":""Monday - Friday: 9am - 8pm EST, Saturday: 9am - 5:30pm ET for eligible plans only"",""address"":""8515 E. Orchard Road, Greenwood Village, CO, 80111""}"
,Dollar Tree,Discount Stores,"500 VOLVO PKWY, CHESAPEAKE, VA, 23320",757-321-5000,STEVE TERRY,26-2018846,"{""name"":""DOLLAR TREE RETIREMENT SAVINGS PLAN"",""provider"":"""",""websiteURL"":""https://participant.empower-retirement.com/participant/#/register/"",""phoneNumber"":""855-756-4738"",""faxNumber"":""303-737-3414"",""hoursOfOperation"":""Monday - Friday: 9am - 8pm EST, Saturday: 9am - 5:30pm ET for eligible plans only"",""address"":""8515 E. Orchard Road, Greenwood Village, CO, 80111""}"
,Community Health,Medical Care Facilities,"4000 MERIDIAN BLVD, FRANKLIN, TN, 37067-6325",615-465-7000,JAMES HAYES,76-0137985,"{""name"":""CHS/COMMUNITY HEALTH SYSTEMS, INC. RETIREMENT SAVINGS PLAN"",""provider"":"""",""websiteURL"":""https://login.principal.com/login"",""phoneNumber"":""800-547-7754"",""faxNumber"":""866-704-3481"",""hoursOfOperation"":""Monday - Friday: 8am - 10pm EST, No weekend hours"",""address"":""PO Box 9394, Des Moines, IA, 50306-9394""}"
,Tyson Foods,Farm Products,"2200 W DON TYSON PKWY, SPRINGDALE, AR, 72762-6901",479-290-8670,CONNIE DOWNUM,71-0225165,"{""name"":""TYSON FOODS, INC. RETIREMENT SAVINGS PLAN"",""provider"":"""",""websiteURL"":""https://www.yourplanaccess.net/nwps/"",""phoneNumber"":""888-700-0808"",""faxNumber"":""Each plan has a company-specific fax number found through the NWPS 401(k) login link"",""hoursOfOperation"":""Unknown""}"
,Microsoft,Software,"ONE MICROSOFT WAY, REDMOND, WA, 98052-6399",425-882-8080,FRED THIELE,91-1144442,"{""name"":""MICROSOFT CORPORATION SAVINGS PLUS 401K PLAN"",""provider"":"""",""websiteURL"":""https://nb.fidelity.com/public/nb/default/home"",""phoneNumber"":""800-835-5095"",""faxNumber"":""1-877-330-2476"",""hoursOfOperation"":""Monday - Friday: 8:30am - 12am EST, No weekend hours"",""address"":""PO Box 770002, Cincinatti, OH, 45277-0090""}"
,Citigroup,Banking,"P.O. BOX 1407, LINCOLNSHIRE, IL, 60069-1407",800-881-3938,LORI SZERENCSY,52-1568099,"{""name"":""CITI RETIREMENT SAVINGS PLAN"",""provider"":"""",""websiteURL"":""https://www.alight.com/find-your-hr-website"",""phoneNumber"":""Each plan has a company-specific phone number found through the Alight 401(k) login link"",""faxNumber"":""Each plan has a company-specific fax number found through the Alight 401(k) login link"",""hoursOfOperation"":""Monday - Friday: 8am - 10pm EST""}"
,Catholic Health Initiatives,,"3900 OLYMPIC BOULEVARD, SUITE 300, ERLANGER, KY, 41018-1099",859-594-3267,TROY LINDON,47-0617373,"{""name"":""CATHOLIC HEALTH INITIATIVES 401(K) PLAN"",""provider"":"""",""websiteURL"":""https://nb.fidelity.com/public/nb/default/home"",""phoneNumber"":""800-835-5095"",""faxNumber"":""1-877-330-2476"",""hoursOfOperation"":""Monday - Friday: 8:30am - 12am EST, No weekend hours"",""address"":""PO Box 770002, Cincinatti, OH, 45277-0090""}"
,JC Penney,,"6501 LEGACY DRIVE, PLANO, TX, 75024-3698",972-431-1000,STEVEN STARK,13-5583779,"{""name"":""J. C. PENNEY CORPORATION, INC. SAVINGS PROFIT- SHARING & STOCK OWNERSHIP"",""provider"":"""",""websiteURL"":""https://www.alight.com/find-your-hr-website"",""phoneNumber"":""Each plan has a company-specific phone number found through the Alight 401(k) login link"",""faxNumber"":""Each plan has a company-specific fax number found through the Alight 401(k) login link"",""hoursOfOperation"":""Monday - Friday: 8am - 10pm EST""}"
,TJX,Apparel Retail,,,DAVID L. AVERILL,42-207613,"{""name"":""THE TJX COMPANIES, INC. GENERAL SAVINGS/PROFIT SHARING PLAN"",""provider"":"""",""websiteURL"":""https://retirementplans.vanguard.com/VGApp/pe/PublicHome"",""phoneNumber"":""1-800-523-1188"",""faxNumber"":""484-582-2929"",""hoursOfOperation"":""Monday - Friday: 8:30am - 9pm EST, No weekend hours""}"
,Nordstrom,Department Stores,"1700 7TH AVE, SUITE 900, SEATTLE, WA, 98101",855-667-3947,KATHY BELL,91-0515058,"{""name"":""NORDSTROM 401K PLAN"",""provider"":"""",""websiteURL"":""https://www.alight.com/find-your-hr-website"",""phoneNumber"":""Each plan has a company-specific phone number found through the Alight 401(k) login link"",""faxNumber"":""Each plan has a company-specific fax number found through the Alight 401(k) login link"",""hoursOfOperation"":""Monday - Friday: 8am - 10pm EST""}"
,Crawford Group,Department Stores,"600 CORPORATE PARK DRIVE, SAINT LOUIS, MO, 63105-4211",314-512-5000,RICK SHORT,43-1233684,"{""name"":""ENTERPRISE HOLDINGS RETIREMENT SAVINGS PLAN"",""provider"":"""",""websiteURL"":""https://nb.fidelity.com/public/nb/default/home"",""phoneNumber"":""800-835-5095"",""faxNumber"":""1-877-330-2476"",""hoursOfOperation"":""Monday - Friday: 8:30am - 12am EST, No weekend hours"",""address"":""PO Box 770002, Cincinatti, OH, 45277-0090""}"
,Randstad North America,Lessors of Residential Buildings and Dwellings,"ONE OVERTON PARK 3625 CUMBERLAND BOULEVARD, SUITE 600, ATLANTA, GA 30339",770-937-4683,JENNIFER SHIPMAN,58-2426357,"{""name"":""RANDSTAD NORTH AMERICA 401(K) PLAN"",""provider"":"""",""websiteURL"":""https://login.millimanonline.com/"",""phoneNumber"":""866-767-1212"",""faxNumber"":""Each plan has a company-specific fax number found through the Milliman 401(k) login link"",""hoursOfOperation"":""Unknown""}"
,"Whole Foods Market, Inc.",Supermarkets and Other Grocery Retailers (except Convenience Retailers),"550 BOWIE STREET, AUSTIN, TX 787034644",512-477-5566,BRIAN O'CONNELL,74-1989366,"{""name"":""WHOLE FOODS MARKET GROWING YOUR FUTURE 401(K) PLAN"",""provider"":"""",""websiteURL"":""https://nb.fidelity.com/public/nb/default/home"",""phoneNumber"":""800-835-5095"",""faxNumber"":""1-877-330-2476"",""hoursOfOperation"":""Monday - Friday: 8:30am - 12am EST, No weekend hours"",""address"":""PO Box 770002, Cincinatti, OH, 45277-0090""}"
,American Airlines,Airline,"MAIL DROP 8A209 1 SKYVIEW DR., FORT WORTH, TX 76155",800-447-2000,PATRICK O'KEEFFE,13-1502798,"{""name"":""AMERICAN AIRLINES, INC. 401(K) PLAN"",""provider"":"""",""websiteURL"":""https://nb.fidelity.com/public/nb/default/home"",""phoneNumber"":""800-835-5095"",""faxNumber"":""1-877-330-2476"",""hoursOfOperation"":""Monday - Friday: 8:30am - 12am EST, No weekend hours"",""address"":""PO Box 770002, Cincinatti, OH, 45277-0090""}"
,Sears Holdings Corporation,,"3333 BEVERLY ROAD DEPARTMENT 707BEN, A4-184A, HOFFMAN ESTATES, IL 60179",847-286-2500,LUKE J. VALENTINO,20-1920798,"{""name"":""SEARS HOLDINGS SAVINGS PLAN"",""provider"":"""",""websiteURL"":""https://www.alight.com/find-your-hr-website"",""phoneNumber"":""Each plan has a company-specific phone number found through the Alight 401(k) login link"",""faxNumber"":""Each plan has a company-specific fax number found through the Alight 401(k) login link"",""hoursOfOperation"":""Monday - Friday: 8am - 10pm EST""}"
,"Ross Stores, Inc.",,"5130 HACIENDA DRIVE, DUBLIN, CA 94568",925-965-4400,BRIAN FROST,94-1390387,"{""name"":""ROSS STORES, INC. 401(K) SAVINGS PLAN"",""provider"":"""",""websiteURL"":""https://benefitconnect.wf.ehr.com/ESS/Shared/Account/LogOn?ReturnUrl=%2fESS"",""phoneNumber"":""1-877-479-3557"",""faxNumber"":""1-844-879-0200"",""hoursOfOperation"":""Monday - Friday: 8am - 8pm EST"",""address"":""1525 West W. T. Harris Blvd., Charlotte, NC, 28262""}"
,U.S. Bancorp,Commercial Banking,"4000 WEST BROADWAY AVENUE, ROBBINSDALE, MN 55422",763-971-1128,,41-0255900,"{""name"":""U.S. BANK 401(K) SAVINGS PLAN"",""provider"":"""",""websiteURL"":""https://www.alight.com/find-your-hr-website"",""phoneNumber"":""Each plan has a company-specific phone number found through the Alight 401(k) login link"",""faxNumber"":""Each plan has a company-specific fax number found through the Alight 401(k) login link"",""hoursOfOperation"":""Monday - Friday: 8am - 10pm EST""}"
,Securitas Security Services,Security,"4330 PARK TERRACE DRIVE, WESTLAKE VILLAGE, CA 913614630",818-706-6800,RITA MOORE,71-0912217,"{""name"":""SECURITAS SECURITY SERVICES USA INCENTIVE SAVINGS AND RETIREMENT PLAN"",""provider"":"""",""websiteURL"":""https://www.benefits.ml.com/login/login"",""phoneNumber"":""1-866-820-1492"",""faxNumber"":""866-994-7807"",""hoursOfOperation"":""Monday - Friday: 9am - 9pm EST, No weekend hours"",""address"":""P.O. Box 29002, Hot Springs, AR, 71903-9002""}"
,Providence Health & Services,Hospitals,"2001 LIND AVE SW, RENTON, WA 98057",888-687-3753,REBECCA BROWN,51-0216586,"{""name"":""PROVIDENCE HEALTH & SERVICES 403(B) VALUE PLAN"",""provider"":"""",""websiteURL"":""https://nb.fidelity.com/public/nb/default/home"",""phoneNumber"":""800-835-5095"",""faxNumber"":""1-877-330-2476"",""hoursOfOperation"":""Monday - Friday: 8:30am - 12am EST, No weekend hours"",""address"":""PO Box 770002, Cincinatti, OH, 45277-0090""}"
,State Farm Mutual,Insurance,"ONE STATE FARM PLAZA, BLOOMINGTON, IL 61710",309-735-0334,,37-0533100,"{""name"":""STATE FARM 401(K) SAVINGS PLAN"",""provider"":"""",""websiteURL"":""https://retirementplans.vanguard.com/VGApp/pe/PublicHome"",""phoneNumber"":""1-800-523-1188"",""faxNumber"":""484-582-2929"",""hoursOfOperation"":""Monday - Friday: 8:30am - 9pm EST, No weekend hours""}"
,Mayo Clinic,"Offices of Physicians, Mental Health Specialists","200 FIRST STREET SW, ROCHESTER, MN 55905",507-284-0126,WILLIAM BROWN,41-6011702,"{""name"":""MAYO 403(B) PLAN"",""provider"":"""",""websiteURL"":""https://nb.fidelity.com/public/nb/default/home"",""phoneNumber"":""800-835-5095"",""faxNumber"":""1-877-330-2476"",""hoursOfOperation"":""Monday - Friday: 8:30am - 12am EST, No weekend hours"",""address"":""PO Box 770002, Cincinatti, OH, 45277-0090""}"
,Delta Air Lines,Airline,"1030 DELTA BOULEVARD DEPARTMENT 216, ATLANTA, GA 30354",404-715-2600,GREG TAHVONEN,58-0218548,"{""name"":""DELTA 401(K) RETIREMENT PLAN (FORMERLY THE DELTA FAMILY CARE SAVINGS PLAN)"",""provider"":"""",""websiteURL"":""https://nb.fidelity.com/public/nb/default/home"",""phoneNumber"":""800-835-5095"",""faxNumber"":""1-877-330-2476"",""hoursOfOperation"":""Monday - Friday: 8:30am - 12am EST, No weekend hours"",""address"":""PO Box 770002, Cincinatti, OH, 45277-0090""}"
,Motion Picture Industry Pension,Motion Pictures,"11365 VENTURA BLVD, STUDIO CITY, CA 91604",818-769-0007,MILLER KAPLAN ARASE LLP,95-0030749,"{""name"":""MOTION PICTURE INDUSTRY INDIVIDUAL ACCOUNT PLAN"",""provider"":"""",""websiteURL"":""https://www.prudential.com/login/"",""phoneNumber"":""1-800-621-1089"",""faxNumber"":""866-439-8602"",""hoursOfOperation"":""Monday - Friday: 8am - 6pm EST, Automated voice response system available 24/7"",""address"":""30 Scranton Office Park, Scranton, PA, 18507""}"
,"Oasis Outsourcing Holdings, Inc.",Employment Placement,"2054 VISTA PARKWAY, WEST PALM BEACH, FL 33411",888-627-4735,PAUL FORLENZA,65-0731524,"{""name"":""OASIS RETIREMENT SAVINGS PLAN"",""provider"":"""",""websiteURL"":""n/a"",""phoneNumber"":""800-554-1802"",""faxNumber"":""Each plan has a company-specific fax number found through the ADP Totalsource 401(k) login link"",""hoursOfOperation"":""Unknown""}"
,Raytheon,,"870 WINTER STREET, WALTHAM, MA 024511449",781-522-5821,KELLY B. LAPPIN,95-1778500,"{""name"":""RAYTHEON SAVINGS AND INVESTMENT PLAN"",""provider"":"""",""websiteURL"":""https://nb.fidelity.com/public/nb/default/home"",""phoneNumber"":""800-835-5095"",""faxNumber"":""1-877-330-2476"",""hoursOfOperation"":""Monday - Friday: 8:30am - 12am EST, No weekend hours"",""address"":""PO Box 770002, Cincinatti, OH, 45277-0090""}"
,UPMC,,"600 GRANT STREET, PITTSBURGH, PA 15219",412-647-7905,PATRICIA STEPHENSON,25-1423657,"{""name"":""UPMC 401(A) RETIREMENT SAVINGS PLAN"",""provider"":"""",""websiteURL"":""https://www.alight.com/find-your-hr-website"",""phoneNumber"":""Each plan has a company-specific phone number found through the Alight 401(k) login link"",""faxNumber"":""Each plan has a company-specific fax number found through the Alight 401(k) login link"",""hoursOfOperation"":""Monday - Friday: 8am - 10pm EST""}"
,"Kohl's Department Stores, Inc.",,"N56 W 17000 RIDGEWOOD DRIVE, MENOMONEE FALLS, WI 53051",844-849-1833,,13-3357362,"{""name"":""KOHL'S DEPARTMENT STORES INC. SAVINGS PLAN"",""provider"":"""",""websiteURL"":""https://www.alight.com/find-your-hr-website"",""phoneNumber"":""Each plan has a company-specific phone number found through the Alight 401(k) login link"",""faxNumber"":""Each plan has a company-specific fax number found through the Alight 401(k) login link"",""hoursOfOperation"":""Monday - Friday: 8am - 10pm EST""}"
,Google,,"1600 AMPHITHEATRE PARKWAY, MOUNTAIN VIEW, CA 940431351",650-623-4000,DANIEL MARAFINO,77-0493581,"{""name"":""GOOGLE LLC 401(K) SAVINGS PLAN"",""provider"":"""",""websiteURL"":""https://retirementplans.vanguard.com/VGApp/pe/PublicHome"",""phoneNumber"":""1-800-523-1188"",""faxNumber"":""484-582-2929"",""hoursOfOperation"":""Monday - Friday: 8:30am - 9pm EST, No weekend hours""}"
,Oracle,Computer Systems Design Services,"500 ORACLE PARKWAY M/S 5OP8, BENEFITS, REDWOOD SHORES, CA 94065",650-506-7000,PETER SHOTT,54-2185193,"{""name"":""ORACLE CORPORATION 401(K) SAVINGS AND INVESTMENT PLAN"",""provider"":"""",""websiteURL"":""https://nb.fidelity.com/public/nb/default/home"",""phoneNumber"":""800-835-5095"",""faxNumber"":""1-877-330-2476"",""hoursOfOperation"":""Monday - Friday: 8:30am - 12am EST, No weekend hours"",""address"":""PO Box 770002, Cincinatti, OH, 45277-0090""}"
,Ford Motor Company,,"1 AMERICAN ROAD FORD WHQ, ROOM 612, DEARBORN, MI 48126",313-322-5012,ROBIN WOOD,38-0549190,"{""name"":""FORD RETIREMENT PLAN"",""provider"":"""",""websiteURL"":""https://www.alight.com/find-your-hr-website"",""phoneNumber"":""Each plan has a company-specific phone number found through the Alight 401(k) login link"",""faxNumber"":""Each plan has a company-specific fax number found through the Alight 401(k) login link"",""hoursOfOperation"":""Monday - Friday: 8am - 10pm EST""}"
,"General Motors, LLC",,"300 RENAISSANCE CENTER, DETROIT, MI 482653000",313-665-4085,CHRISTINE GONYEA,27-0383222,"{""name"":""THE GENERAL MOTORS PERSONAL SAVINGS PLAN FOR HOURLY-RATE EMPLOYEES IN THE UNITED STATES"",""provider"":"""",""websiteURL"":""https://nb.fidelity.com/public/nb/default/home"",""phoneNumber"":""800-835-5095"",""faxNumber"":""1-877-330-2476"",""hoursOfOperation"":""Monday - Friday: 8:30am - 12am EST, No weekend hours"",""address"":""PO Box 770002, Cincinatti, OH, 45277-0090""}"
,Ernst & Young,Offices of Certified Public Accountants,"200 PLAZA DRIVE, SECAUCUS, NJ 07094",201-872-2200,MICHAEL J. SPICCI,34-6565596,"{""name"":""ERNST & YOUNG RETIREMENT SAVINGS PLAN"",""provider"":"""",""websiteURL"":""https://nb.fidelity.com/public/nb/default/home"",""phoneNumber"":""800-835-5095"",""faxNumber"":""1-877-330-2476"",""hoursOfOperation"":""Monday - Friday: 8:30am - 12am EST, No weekend hours"",""address"":""PO Box 770002, Cincinatti, OH, 45277-0090""}"
,Sutter Health,,"2200 RIVER PLAZA DR, SACRAMENTO, CA 958334134",916-561-6543,TRACY MESSINEO,94-2788907,"{""name"":""SUTTER HEALTH 403(B) SAVINGS PLAN"",""provider"":"""",""websiteURL"":""https://nb.fidelity.com/public/nb/default/home"",""phoneNumber"":""800-835-5095"",""faxNumber"":""1-877-330-2476"",""hoursOfOperation"":""Monday - Friday: 8:30am - 12am EST, No weekend hours"",""address"":""PO Box 770002, Cincinatti, OH, 45277-0090""}"
,Anthem,Insurance,"220 VIRGINIA AVENUE, INDIANAPOLIS, IN 46204",844-203-3255,SEAN GRAY,11-3713086,"{""name"":""ANTHEM 401(K) PLAN"",""provider"":"""",""websiteURL"":""https://retirementplans.vanguard.com/VGApp/pe/PublicHome"",""phoneNumber"":""1-800-523-1188"",""faxNumber"":""484-582-2929"",""hoursOfOperation"":""Monday - Friday: 8:30am - 9pm EST, No weekend hours""}"
,H. E. Butt Grocery Company,Supermarkets and Other Grocery Retailers (except Convenience Retailers),"CORPORATE TAX - CYPRESS 5 PO BOX 839999, SAN ANTONIO, TX 782833999",210-938-8000,MEGAN ROONEY,74-0537175,"{""name"":""H-E-B SAVINGS & RETIREMENT PLAN"",""provider"":"""",""websiteURL"":""https://www5.benefitcenter.com/login/v3/pub/logonlw.jsp?client=conduent&TYPE=33554433&REALMOID=06-44660747-59dd-4219-bdd5-6f04b102ed50&GUID=&SMAUTHREASON=0&METHOD=GET&SMAGENTNAME=-SM-nsqrNe52rvEcpVyTVG5BxOUn2n9Zk0qvBVxWRKw21XX6UkgoocWWEIZ1KnyXMNfQzpTbGk%2f3hUlg5nec2e8pjLamKgKKEKMS&TARGET=-SM-https%3a%2f%2fwww5%2ebenefitcenter%2ecom%2fconduent"",""phoneNumber"":""888-471-2271"",""faxNumber"":""Each plan has a company-specific fax number found through the Conduent 401(k) login link"",""hoursOfOperation"":""Monday - Friday: 8am - 8pm ET""}"
,HY-VEE Inc.,Supermarkets and Other Grocery Retailers (except Convenience Retailers),"5820 WESTOWN PARKWAY, WEST DES MOINES, IA 50266",515-267-2800,MICHAEL SKOKAN,42-0325638,"{""name"":""THE HY-VEE AND AFFILIATES 401(K) PLAN"",""provider"":"""",""websiteURL"":""https://login.principal.com/login"",""phoneNumber"":""800-547-7754"",""faxNumber"":""866-704-3481"",""hoursOfOperation"":""Monday - Friday: 8am - 10pm EST, No weekend hours"",""address"":""PO Box 9394, Des Moines, IA, 50306-9394""}"
,Advance Auto Parts,Auto Parts,"5008 AIRPORT ROAD, ROANOKE, VA 24012",540-561-6818,ELIZABETH HOANE,54-0118110,"{""name"":""ADVANCE AUTO PARTS, INC. 401(K) PLAN"",""provider"":"""",""websiteURL"":""https://nb.fidelity.com/public/nb/default/home"",""phoneNumber"":""800-835-5095"",""faxNumber"":""1-877-330-2476"",""hoursOfOperation"":""Monday - Friday: 8:30am - 12am EST, No weekend hours"",""address"":""PO Box 770002, Cincinatti, OH, 45277-0090""}"
,Intel,Electronics Manufacturing,"1900 PRAIRIE CITY RD M/S FM1-118, FOLSOM, CA 956309501",800-238-0486,MICHAEL KNUTSON,94-1672743,"{""name"":""INTEL 401(K) SAVINGS PLAN"",""provider"":"""",""websiteURL"":""https://nb.fidelity.com/public/nb/default/home"",""phoneNumber"":""800-835-5095"",""faxNumber"":""1-877-330-2476"",""hoursOfOperation"":""Monday - Friday: 8:30am - 12am EST, No weekend hours"",""address"":""PO Box 770002, Cincinatti, OH, 45277-0090""}"
,Aetna,,"151 FARMINGTON AVENUE, REAG, HARTFORD, CT 06156",888-694-7287,CANDACE JODICE,23-2229683,"{""name"":""AETNA 401(K) PLAN"",""provider"":"""",""websiteURL"":""https://my.voya.com/voyassoui/index.html?target=https%3A%2F%2Fmy.voya.com%2Fmyvoya%2Flogon#/login"",""phoneNumber"":""1-877-269-8758"",""faxNumber"":""800-643-8143"",""hoursOfOperation"":""Monday - Friday: 8am - 8pm EST"",""address"":""P.O. Box 990063, Hartford, CT, 06199""}"
,Circle K,Convenience Stores,"1130 W. WARNER ROAD, TEMPE, AZ 85284",602-728-4925,KIM BARNES,74-1149540,"{""name"":""CIRCLE K RETIREMENT PLAN"",""provider"":"""",""websiteURL"":""https://my.voya.com/voyassoui/index.html?target=https%3A%2F%2Fmy.voya.com%2Fmyvoya%2Flogon#/login"",""phoneNumber"":""1-877-269-8758"",""faxNumber"":""800-643-8143"",""hoursOfOperation"":""Monday - Friday: 8am - 8pm EST"",""address"":""P.O. Box 990063, Hartford, CT, 06199""}"
,ABM Industries,Other Services to Buildings and Dwellings,"14141 SOUTHWEST FREEWAY SUITE 420, SUGAR LAND, TX 77478",888-351-4003,HARRY FISHER,94-1369354,"{""name"":""ABM 401(K) EMPLOYEE SAVINGS PLAN"",""provider"":"""",""websiteURL"":""https://www.benefits.ml.com/login/login"",""phoneNumber"":""1-866-820-1492"",""faxNumber"":""866-994-7807"",""hoursOfOperation"":""Monday - Friday: 9am - 9pm EST, No weekend hours"",""address"":""P.O. Box 29002, Hot Springs, AR, 71903-9002""}"
,Kindred Healthcare,,"680 SOUTH FOURTH ST, LOUISVILLE, KY 40202",502-596-7300,ANDREA ROMISHER,61-1323993,"{""name"":""KINDRED 401 (K) PLAN"",""provider"":"""",""websiteURL"":""https://www.troweprice.com/usis/login/enablement?pdurl=/rws/account/participant/home/overview.otc"",""phoneNumber"":""1-800-922-9945"",""faxNumber"":""410-581-5176"",""hoursOfOperation"":""Monday - Friday: 7am - 10pm EST, Automated voice response system available 24/7"",""address"":""P.O. Box 17215, Baltimore, MD, 21297""}"
,Dell,Electronics Manufacturing,"ONE DELL WAY, RR1-42, ROUND ROCK, TX 78682",512-338-4400,ROBERT POTTS,74-2487834,"{""name"":""DELL INC. 401(K) PLAN"",""provider"":"""",""websiteURL"":""https://nb.fidelity.com/public/nb/default/home"",""phoneNumber"":""800-835-5095"",""faxNumber"":""1-877-330-2476"",""hoursOfOperation"":""Monday - Friday: 8:30am - 12am EST, No weekend hours"",""address"":""PO Box 770002, Cincinatti, OH, 45277-0090""}"
,The Walt Disney Company,Motion Pictures,"500 SOUTH BUENA VISTA STREET, BURBANK, CA 915217382",818-558-2609,ERIC CHAISSON,95-4545390,"{""name"":""DISNEY HOURLY SAVINGS AND INVESTMENT PLAN"",""provider"":"""",""websiteURL"":""https://nb.fidelity.com/public/nb/default/home"",""phoneNumber"":""800-835-5095"",""faxNumber"":""1-877-330-2476"",""hoursOfOperation"":""Monday - Friday: 8:30am - 12am EST, No weekend hours"",""address"":""PO Box 770002, Cincinatti, OH, 45277-0090""}"
,Deloitte,Offices of Certified Public Accountants,"30 ROCKEFELLER PLAZA, NEW YORK, NY 10112",212-489-1600,,13-5133500,"{""name"":""DELOITTE 401K PLAN"",""provider"":"""",""websiteURL"":""https://retirementplans.vanguard.com/VGApp/pe/PublicHome"",""phoneNumber"":""1-800-523-1188"",""faxNumber"":""484-582-2929"",""hoursOfOperation"":""Monday - Friday: 8:30am - 9pm EST, No weekend hours""}"
,Davita,Kidney Dialysis Centers,"2000 16TH STREET, DENVER, CO 80202",303-876-7403,JULIE WEST,51-0354549,"{""name"":""DAVITA RETIREMENT SAVINGS PLAN"",""provider"":"""",""websiteURL"":""https://my.voya.com/voyassoui/index.html?target=https%3A%2F%2Fmy.voya.com%2Fmyvoya%2Flogon#/login"",""phoneNumber"":""1-877-269-8758"",""faxNumber"":""800-643-8143"",""hoursOfOperation"":""Monday - Friday: 8am - 8pm EST"",""address"":""P.O. Box 990063, Hartford, CT, 06199""}"
,Universal Health Services,,"367 SOUTH GULPH ROAD, KING OF PRUSSIA, PA 19406",610-768-3300,VIRGINIA CULLINAN,23-2077891,"{""name"":""UNIVERSAL HEALTH SERVICES, INC. RETIREMENT SAVINGS PLAN"",""provider"":"""",""websiteURL"":""https://nb.fidelity.com/public/nb/default/home"",""phoneNumber"":""800-835-5095"",""faxNumber"":""1-877-330-2476"",""hoursOfOperation"":""Monday - Friday: 8:30am - 12am EST, No weekend hours"",""address"":""PO Box 770002, Cincinatti, OH, 45277-0090""}"
,"Robert Half International, Inc.",Employment Placement,"2613 CAMINO RAMON, SAN RAMON, CA 94583",925-913-1000,LESLIE RIFE,94-1648752,"{""name"":""ROBERT HALF INTERNATIONAL INC. 401(K) PLAN"",""provider"":"""",""websiteURL"":""https://nb.fidelity.com/public/nb/default/home"",""phoneNumber"":""800-835-5095"",""faxNumber"":""1-877-330-2476"",""hoursOfOperation"":""Monday - Friday: 8:30am - 12am EST, No weekend hours"",""address"":""PO Box 770002, Cincinatti, OH, 45277-0090""}"
,"Northwell Health, Inc.",,"972 BRUSH HOLLOW ROAD 5TH FLOOR, WESTBURY, NY 115901740",516-734-7000,MICHELE CUSACK,11-3418133,"{""name"":""NORTHWELL HEALTH 403(B) PLAN"",""provider"":"""",""websiteURL"":""https://www.transamerica.com/portal/home/"",""phoneNumber"":""800-755-5801"",""faxNumber"":""833-200-9987"",""hoursOfOperation"":""Monday - Friday: 8am - 9pm EST, No weekend hours"",""address"":""4333 Edgewood Road NE, Cedar Rapids, IA""}"
,Johnson and Johnson,,"ONE JOHNSON AND JOHNSON PLAZA, NEW BRUNSWICK, NJ 08933",732-524-0400,MELISSA FORD,22-1024240,"{""name"":""JOHNSON AND JOHNSON SAVINGS PLAN"",""provider"":"""",""websiteURL"":""https://www.alight.com/find-your-hr-website"",""phoneNumber"":""Each plan has a company-specific phone number found through the Alight 401(k) login link"",""faxNumber"":""Each plan has a company-specific fax number found through the Alight 401(k) login link"",""hoursOfOperation"":""Monday - Friday: 8am - 10pm EST""}"
,Southwest Airlines,,"2702 LOVE FIELD DRIVE, HDQ-6TX, DALLAS, TX 75235",214-792-4000,MICHAEL HAYNES,74-1563240,"{""name"":""SOUTHWEST AIRLINES CO. PROFITSHARING PLAN"",""provider"":"""",""websiteURL"":""http://workplace.schwab.com/"",""phoneNumber"":""800-724-7526"",""faxNumber"":""877-312-3347"",""hoursOfOperation"":""Monday - Friday: 8am - 10pm ET"",""address"":""PO Box 388, Richfield, OH, 44286""}"
